"train","val"
"TCGA-3N-A9WB","TCGA-BF-A1PV"
"TCGA-3N-A9WC","TCGA-BF-A3DM"
"TCGA-3N-A9WD","TCGA-BF-A5EQ"
"TCGA-BF-A1PU","TCGA-D3-A1Q1"
"TCGA-BF-A1PZ","TCGA-D3-A2JA"
"TCGA-BF-A3DJ","TCGA-D3-A2JB"
"TCGA-BF-A3DL","TCGA-D3-A2JC"
"TCGA-BF-A3DN","TCGA-D3-A2JF"
"TCGA-BF-A5EO","TCGA-D3-A2JK"
"TCGA-BF-A5EP","TCGA-D3-A3BZ"
"TCGA-BF-AAP0","TCGA-D3-A3C1"
"TCGA-D3-A1Q4","TCGA-D3-A3C7"
"TCGA-D3-A1Q5","TCGA-D3-A3CC"
"TCGA-D3-A1Q6","TCGA-D3-A3MR"
"TCGA-D3-A1Q7","TCGA-D3-A51T"
"TCGA-D3-A1Q8","TCGA-D3-A5GL"
"TCGA-D3-A1Q9","TCGA-D3-A5GO"
"TCGA-D3-A1QA","TCGA-D3-A5GR"
"TCGA-D3-A1QB","TCGA-D3-A8GJ"
"TCGA-D3-A2J6","TCGA-D3-A8GS"
"TCGA-D3-A2J7","TCGA-D9-A148"
"TCGA-D3-A2J8","TCGA-D9-A4Z3"
"TCGA-D3-A2J9","TCGA-D9-A4Z6"
"TCGA-D3-A2JD","TCGA-D9-A6EA"
"TCGA-D3-A2JE","TCGA-DA-A1I1"
"TCGA-D3-A2JG","TCGA-EB-A24D"
"TCGA-D3-A2JH","TCGA-EB-A299"
"TCGA-D3-A2JL","TCGA-EB-A3XE"
"TCGA-D3-A2JN","TCGA-EB-A3Y7"
"TCGA-D3-A2JO","TCGA-EB-A42Y"
"TCGA-D3-A2JP","TCGA-EB-A44N"
"TCGA-D3-A3C3","TCGA-EB-A5FP"
"TCGA-D3-A3C6","TCGA-EB-A5SF"
"TCGA-D3-A3C8","TCGA-EB-A5UL"
"TCGA-D3-A3CB","TCGA-EB-A6R0"
"TCGA-D3-A3CE","TCGA-EE-A17X"
"TCGA-D3-A3CF","TCGA-EE-A184"
"TCGA-D3-A3MO","TCGA-EE-A29B"
"TCGA-D3-A3MV","TCGA-EE-A29V"
"TCGA-D3-A51E","TCGA-EE-A2A5"
"TCGA-D3-A51F","TCGA-EE-A2A6"
"TCGA-D3-A51G","TCGA-EE-A2GI"
"TCGA-D3-A51H","TCGA-EE-A2GJ"
"TCGA-D3-A51J","TCGA-EE-A2GL"
"TCGA-D3-A51K","TCGA-EE-A2GM"
"TCGA-D3-A51N","TCGA-EE-A2GS"
"TCGA-D3-A51R","TCGA-EE-A2M7"
"TCGA-D3-A5GN","TCGA-EE-A2ME"
"TCGA-D3-A5GS","TCGA-EE-A2MK"
"TCGA-D3-A5GT","TCGA-EE-A2MP"
"TCGA-D3-A5GU","TCGA-EE-A2MR"
"TCGA-D3-A8GB","TCGA-EE-A3AA"
"TCGA-D3-A8GC","TCGA-EE-A3J3"
"TCGA-D3-A8GD","TCGA-EE-A3J5"
"TCGA-D3-A8GE","TCGA-EE-A3JB"
"TCGA-D3-A8GI","TCGA-ER-A195"
"TCGA-D3-A8GK","TCGA-ER-A19G"
"TCGA-D3-A8GL","TCGA-ER-A19J"
"TCGA-D3-A8GM","TCGA-ER-A19M"
"TCGA-D3-A8GN","TCGA-ER-A19T"
"TCGA-D3-A8GO","TCGA-ER-A2NB"
"TCGA-D3-A8GP","TCGA-ER-A3ES"
"TCGA-D3-A8GQ","TCGA-ER-A42K"
"TCGA-D3-A8GR","TCGA-FR-A44A"
"TCGA-D3-A8GV","TCGA-FR-A7U9"
"TCGA-D9-A149","TCGA-FS-A1Z7"
"TCGA-D9-A1JW","TCGA-FS-A1ZD"
"TCGA-D9-A1JX","TCGA-FS-A1ZP"
"TCGA-D9-A1X3","TCGA-FW-A3R5"
"TCGA-D9-A3Z1","TCGA-FW-A5DY"
"TCGA-D9-A3Z3","TCGA-GF-A2C7"
"TCGA-D9-A3Z4","TCGA-GN-A264"
"TCGA-D9-A4Z2","TCGA-GN-A268"
"TCGA-D9-A4Z5","TCGA-GN-A26C"
"TCGA-D9-A6E9","TCGA-HR-A2OH"
"TCGA-D9-A6EC","TCGA-OD-A75X"
"TCGA-D9-A6EG","TCGA-RP-A695"
"TCGA-DA-A1HV","TCGA-RP-A6K9"
"TCGA-DA-A1HW","TCGA-WE-AAA3"
"TCGA-DA-A1HY","TCGA-Z2-AA3S"
"TCGA-DA-A1I0",
"TCGA-DA-A1I2",
"TCGA-DA-A1I4",
"TCGA-DA-A1I5",
"TCGA-DA-A1I7",
"TCGA-DA-A1I8",
"TCGA-DA-A1IA",
"TCGA-DA-A1IB",
"TCGA-DA-A1IC",
"TCGA-DA-A3F2",
"TCGA-DA-A3F3",
"TCGA-DA-A3F5",
"TCGA-DA-A3F8",
"TCGA-DA-A95V",
"TCGA-DA-A95W",
"TCGA-DA-A95X",
"TCGA-DA-A95Y",
"TCGA-DA-A95Z",
"TCGA-EB-A1NK",
"TCGA-EB-A24C",
"TCGA-EB-A3HV",
"TCGA-EB-A3XB",
"TCGA-EB-A3XC",
"TCGA-EB-A3XD",
"TCGA-EB-A3Y6",
"TCGA-EB-A41A",
"TCGA-EB-A41B",
"TCGA-EB-A42Z",
"TCGA-EB-A430",
"TCGA-EB-A431",
"TCGA-EB-A44O",
"TCGA-EB-A44P",
"TCGA-EB-A44Q",
"TCGA-EB-A44R",
"TCGA-EB-A4IQ",
"TCGA-EB-A4IS",
"TCGA-EB-A4OY",
"TCGA-EB-A4OZ",
"TCGA-EB-A4P0",
"TCGA-EB-A4XL",
"TCGA-EB-A551",
"TCGA-EB-A553",
"TCGA-EB-A57M",
"TCGA-EB-A5KH",
"TCGA-EB-A5SE",
"TCGA-EB-A5SG",
"TCGA-EB-A5SH",
"TCGA-EB-A5UM",
"TCGA-EB-A5UN",
"TCGA-EB-A5VU",
"TCGA-EB-A5VV",
"TCGA-EB-A6L9",
"TCGA-EB-A6QY",
"TCGA-EB-A6QZ",
"TCGA-EE-A17Y",
"TCGA-EE-A17Z",
"TCGA-EE-A180",
"TCGA-EE-A181",
"TCGA-EE-A182",
"TCGA-EE-A183",
"TCGA-EE-A185",
"TCGA-EE-A20B",
"TCGA-EE-A20C",
"TCGA-EE-A20F",
"TCGA-EE-A20H",
"TCGA-EE-A20I",
"TCGA-EE-A29A",
"TCGA-EE-A29C",
"TCGA-EE-A29D",
"TCGA-EE-A29E",
"TCGA-EE-A29G",
"TCGA-EE-A29H",
"TCGA-EE-A29L",
"TCGA-EE-A29M",
"TCGA-EE-A29N",
"TCGA-EE-A29P",
"TCGA-EE-A29Q",
"TCGA-EE-A29R",
"TCGA-EE-A29S",
"TCGA-EE-A29T",
"TCGA-EE-A29W",
"TCGA-EE-A29X",
"TCGA-EE-A2A0",
"TCGA-EE-A2A1",
"TCGA-EE-A2A2",
"TCGA-EE-A2GB",
"TCGA-EE-A2GD",
"TCGA-EE-A2GE",
"TCGA-EE-A2GH",
"TCGA-EE-A2GK",
"TCGA-EE-A2GN",
"TCGA-EE-A2GO",
"TCGA-EE-A2GP",
"TCGA-EE-A2GR",
"TCGA-EE-A2GT",
"TCGA-EE-A2GU",
"TCGA-EE-A2M5",
"TCGA-EE-A2M6",
"TCGA-EE-A2M8",
"TCGA-EE-A2MC",
"TCGA-EE-A2MD",
"TCGA-EE-A2MF",
"TCGA-EE-A2MG",
"TCGA-EE-A2MH",
"TCGA-EE-A2MI",
"TCGA-EE-A2MJ",
"TCGA-EE-A2ML",
"TCGA-EE-A2MM",
"TCGA-EE-A2MN",
"TCGA-EE-A2MQ",
"TCGA-EE-A2MS",
"TCGA-EE-A2MT",
"TCGA-EE-A2MU",
"TCGA-EE-A3AB",
"TCGA-EE-A3AC",
"TCGA-EE-A3AD",
"TCGA-EE-A3AE",
"TCGA-EE-A3AF",
"TCGA-EE-A3AG",
"TCGA-EE-A3AH",
"TCGA-EE-A3J4",
"TCGA-EE-A3J7",
"TCGA-EE-A3J8",
"TCGA-EE-A3JA",
"TCGA-EE-A3JD",
"TCGA-EE-A3JE",
"TCGA-EE-A3JH",
"TCGA-EE-A3JI",
"TCGA-ER-A193",
"TCGA-ER-A194",
"TCGA-ER-A196",
"TCGA-ER-A197",
"TCGA-ER-A198",
"TCGA-ER-A19A",
"TCGA-ER-A19B",
"TCGA-ER-A19C",
"TCGA-ER-A19D",
"TCGA-ER-A19E",
"TCGA-ER-A19F",
"TCGA-ER-A19H",
"TCGA-ER-A19K",
"TCGA-ER-A19L",
"TCGA-ER-A19N",
"TCGA-ER-A19O",
"TCGA-ER-A19P",
"TCGA-ER-A19Q",
"TCGA-ER-A19S",
"TCGA-ER-A19W",
"TCGA-ER-A1A1",
"TCGA-ER-A2NC",
"TCGA-ER-A2ND",
"TCGA-ER-A2NE",
"TCGA-ER-A2NF",
"TCGA-ER-A2NG",
"TCGA-ER-A2NH",
"TCGA-ER-A3ET",
"TCGA-ER-A3EV",
"TCGA-ER-A3PL",
"TCGA-ER-A42H",
"TCGA-ER-A42L",
"TCGA-FR-A2OS",
"TCGA-FR-A3R1",
"TCGA-FR-A3YN",
"TCGA-FR-A3YO",
"TCGA-FR-A69P",
"TCGA-FR-A726",
"TCGA-FR-A728",
"TCGA-FR-A729",
"TCGA-FR-A7U8",
"TCGA-FR-A7UA",
"TCGA-FR-A8YC",
"TCGA-FR-A8YD",
"TCGA-FR-A8YE",
"TCGA-FS-A1ZA",
"TCGA-FS-A1ZC",
"TCGA-FS-A1ZE",
"TCGA-FS-A1ZM",
"TCGA-FS-A1ZN",
"TCGA-FS-A1ZU",
"TCGA-FS-A1ZW",
"TCGA-FW-A3I3",
"TCGA-FW-A3TU",
"TCGA-FW-A3TV",
"TCGA-FW-A5DX",
"TCGA-GF-A3OT",
"TCGA-GF-A4EO",
"TCGA-GF-A6C8",
"TCGA-GF-A6C9",
"TCGA-GF-A769",
"TCGA-GN-A262",
"TCGA-GN-A263",
"TCGA-GN-A265",
"TCGA-GN-A266",
"TCGA-GN-A267",
"TCGA-GN-A26A",
"TCGA-GN-A26D",
"TCGA-GN-A4U3",
"TCGA-GN-A4U4",
"TCGA-GN-A4U5",
"TCGA-GN-A4U7",
"TCGA-GN-A4U8",
"TCGA-GN-A4U9",
"TCGA-GN-A8LK",
"TCGA-GN-A8LL",
"TCGA-GN-A9SD",
"TCGA-HR-A2OG",
"TCGA-IH-A3EA",
"TCGA-LH-A9QB",
"TCGA-QB-A6FS",
"TCGA-QB-AA9O",
"TCGA-RP-A693",
"TCGA-RP-A694",
"TCGA-W3-A824",
"TCGA-W3-A825",
"TCGA-W3-A828",
"TCGA-W3-AA1O",
"TCGA-W3-AA1Q",
"TCGA-W3-AA1R",
"TCGA-W3-AA1V",
"TCGA-W3-AA1W",
"TCGA-W3-AA21",
"TCGA-WE-A8JZ",
"TCGA-WE-A8K1",
"TCGA-WE-A8K5",
"TCGA-WE-A8K6",
"TCGA-WE-A8ZM",
"TCGA-WE-A8ZN",
"TCGA-WE-A8ZO",
"TCGA-WE-A8ZQ",
"TCGA-WE-A8ZT",
"TCGA-WE-A8ZX",
"TCGA-WE-A8ZY",
"TCGA-WE-AA9Y",
"TCGA-WE-AAA0",
"TCGA-WE-AAA4",
"TCGA-XV-AB01",
"TCGA-YD-A89C",
"TCGA-YD-A9TA",
"TCGA-YD-A9TB",
"TCGA-YG-AA3O",
"TCGA-YG-AA3P",
"TCGA-Z2-A8RT",
"TCGA-Z2-AA3V",
